Date,Asset,PnL,Type,Equity
2024-03-13 11:30:00-04:00,Nasdaq 100,-30.25,SL,2969.75
2024-03-14 09:30:00-04:00,Zloto (XAU),-30.25,SL,2939.5
2024-03-19 09:30:00-04:00,Nasdaq 100,-30.25,SL,2909.25
2024-03-19 09:30:00-04:00,Zloto (XAU),-30.25,SL,2879.0
2024-03-20 09:30:00-04:00,Zloto (XAU),-30.25,SL,2848.75
2024-03-20 09:30:00-04:00,GER40 (DAX),-30.25,SL,2818.5
2024-03-21 09:30:00-04:00,Nasdaq 100,74.75,TP,2893.25
2024-03-26 09:30:00-04:00,GER40 (DAX),74.75,TP,2968.0
2024-03-26 15:30:00-04:00,Nasdaq 100,-30.25,SL,2937.75
2024-03-28 09:30:00-04:00,Zloto (XAU),74.75,TP,3012.5
2024-04-02 09:30:00-04:00,Nasdaq 100,-30.25,SL,2982.25
2024-04-02 09:30:00-04:00,GER40 (DAX),-30.25,SL,2952.0
2024-04-09 09:30:00-04:00,GER40 (DAX),-30.25,SL,2921.75
2024-04-10 09:30:00-04:00,Nasdaq 100,-30.25,SL,2891.5
2024-04-22 09:30:00-04:00,Zloto (XAU),-30.25,SL,2861.25
2024-05-14 14:30:00-04:00,GER40 (DAX),74.75,TP,2936.0
2024-05-15 12:30:00-04:00,Nasdaq 100,74.75,TP,3010.75
2024-05-15 12:30:00-04:00,Zloto (XAU),74.75,TP,3085.5
2024-05-22 09:30:00-04:00,Zloto (XAU),-30.25,SL,3055.25
2024-05-22 09:30:00-04:00,GER40 (DAX),-30.25,SL,3025.0
2024-05-23 09:30:00-04:00,Nasdaq 100,74.75,TP,3099.75
2024-05-23 13:30:00-04:00,GER40 (DAX),-30.25,SL,3069.5
2024-05-29 09:30:00-04:00,Zloto (XAU),-30.25,SL,3039.25
2024-05-31 09:30:00-04:00,Zloto (XAU),-30.25,SL,3009.0
2024-06-05 10:30:00-04:00,Zloto (XAU),-30.25,SL,2978.75
2024-06-14 09:30:00-04:00,Zloto (XAU),-30.25,SL,2948.5
2024-06-21 09:30:00-04:00,Zloto (XAU),-30.25,SL,2918.25
2024-07-02 11:30:00-04:00,Zloto (XAU),-30.25,SL,2888.0
2024-07-03 10:30:00-04:00,Nasdaq 100,74.75,TP,2962.75
2024-07-10 09:30:00-04:00,Zloto (XAU),74.75,TP,3037.5
2024-07-11 09:30:00-04:00,GER40 (DAX),74.75,TP,3112.25
2024-07-17 09:30:00-04:00,Nasdaq 100,-30.25,SL,3082.0
2024-07-24 09:30:00-04:00,Nasdaq 100,-30.25,SL,3051.75
2024-07-29 09:30:00-04:00,GER40 (DAX),-30.25,SL,3021.5
2024-07-29 10:30:00-04:00,Zloto (XAU),-30.25,SL,2991.25
2024-07-31 09:30:00-04:00,Zloto (XAU),74.75,TP,3066.0
2024-08-01 09:30:00-04:00,GER40 (DAX),-30.25,SL,3035.75
2024-08-16 09:30:00-04:00,Zloto (XAU),74.75,TP,3110.5
2024-08-22 09:30:00-04:00,Zloto (XAU),-30.25,SL,3080.25
2024-08-23 10:30:00-04:00,GER40 (DAX),74.75,TP,3155.0
2024-08-29 14:30:00-04:00,Nasdaq 100,-30.25,SL,3124.75
2024-08-30 11:30:00-04:00,Zloto (XAU),-30.25,SL,3094.5
2024-09-06 11:30:00-04:00,Zloto (XAU),-30.25,SL,3064.25
2024-09-12 09:30:00-04:00,Zloto (XAU),74.75,TP,3139.0
2024-09-19 09:30:00-04:00,Nasdaq 100,74.75,TP,3213.75
2024-09-24 09:30:00-04:00,Zloto (XAU),74.75,TP,3288.5
2024-09-26 09:30:00-04:00,GER40 (DAX),74.75,TP,3363.25
2024-10-03 09:30:00-04:00,Zloto (XAU),-30.25,SL,3333.0
2024-10-08 09:30:00-04:00,Zloto (XAU),-30.25,SL,3302.75
2024-10-14 09:30:00-04:00,GER40 (DAX),74.75,TP,3377.5
2024-10-14 09:30:00-04:00,Nasdaq 100,74.75,TP,3452.25
2024-10-18 09:30:00-04:00,Zloto (XAU),74.75,TP,3527.0
2024-10-23 10:30:00-04:00,Nasdaq 100,-30.25,SL,3496.75
2024-10-25 09:30:00-04:00,Nasdaq 100,74.75,TP,3571.5
2024-10-30 09:30:00-04:00,GER40 (DAX),-30.25,SL,3541.25
2024-10-30 10:30:00-04:00,Zloto (XAU),74.75,TP,3616.0
2024-10-31 09:30:00-04:00,Nasdaq 100,-30.25,SL,3585.75
2024-11-06 09:30:00-05:00,Nasdaq 100,74.75,TP,3660.5
2024-11-11 09:30:00-05:00,Zloto (XAU),-30.25,SL,3630.25
2024-11-27 09:30:00-05:00,Nasdaq 100,-30.25,SL,3600.0
2024-12-03 09:30:00-05:00,Zloto (XAU),-30.25,SL,3569.75
2024-12-05 09:30:00-05:00,Zloto (XAU),-30.25,SL,3539.5
2024-12-09 09:30:00-05:00,Zloto (XAU),-30.25,SL,3509.25
2024-12-16 12:30:00-05:00,Nasdaq 100,74.75,TP,3584.0
2024-12-18 13:30:00-05:00,Nasdaq 100,-30.25,SL,3553.75
2024-12-26 09:30:00-05:00,Zloto (XAU),-30.25,SL,3523.5
2025-01-02 09:30:00-05:00,Zloto (XAU),-30.25,SL,3493.25
2025-01-10 09:30:00-05:00,GER40 (DAX),-30.25,SL,3463.0
2025-01-30 09:30:00-05:00,Zloto (XAU),74.75,TP,3537.75
2025-01-30 09:30:00-05:00,GER40 (DAX),74.75,TP,3612.5
2025-01-31 10:30:00-05:00,Nasdaq 100,74.75,TP,3687.25
2025-01-31 13:30:00-05:00,GER40 (DAX),-30.25,SL,3657.0
2025-02-06 13:30:00-05:00,GER40 (DAX),74.75,TP,3731.75
2025-02-07 10:30:00-05:00,Zloto (XAU),74.75,TP,3806.5
2025-02-11 14:30:00-05:00,GER40 (DAX),74.75,TP,3881.25
2025-02-25 09:30:00-05:00,Nasdaq 100,-30.25,SL,3851.0
2025-02-27 09:30:00-05:00,Zloto (XAU),-30.25,SL,3820.75
2025-03-07 11:30:00-05:00,Zloto (XAU),-30.25,SL,3790.5
2025-03-13 10:30:00-04:00,Zloto (XAU),74.75,TP,3865.25
2025-03-27 09:30:00-04:00,Zloto (XAU),74.75,TP,3940.0
2025-04-03 09:30:00-04:00,Zloto (XAU),-30.25,SL,3909.75
2025-04-03 14:30:00-04:00,GER40 (DAX),-30.25,SL,3879.5
2025-04-16 09:30:00-04:00,Zloto (XAU),74.75,TP,3954.25
2025-04-25 09:30:00-04:00,Zloto (XAU),-30.25,SL,3924.0
2025-04-30 09:30:00-04:00,Nasdaq 100,-30.25,SL,3893.75
2025-05-01 09:30:00-04:00,Zloto (XAU),-30.25,SL,3863.5
2025-05-01 10:30:00-04:00,Nasdaq 100,74.75,TP,3938.25
2025-05-13 09:30:00-04:00,Nasdaq 100,74.75,TP,4013.0
2025-05-21 12:30:00-04:00,Nasdaq 100,-30.25,SL,3982.75
2025-05-23 09:30:00-04:00,Nasdaq 100,-30.25,SL,3952.5
2025-06-09 09:30:00-04:00,GER40 (DAX),-30.25,SL,3922.25
2025-06-13 09:30:00-04:00,Zloto (XAU),74.75,TP,3997.0
2025-06-24 09:30:00-04:00,Nasdaq 100,74.75,TP,4071.75
2025-07-08 09:30:00-04:00,Zloto (XAU),-30.25,SL,4041.5
2025-07-08 12:30:00-04:00,GER40 (DAX),74.75,TP,4116.25
2025-07-11 09:30:00-04:00,GER40 (DAX),-30.25,SL,4086.0
2025-07-17 09:30:00-04:00,Zloto (XAU),-30.25,SL,4055.75
2025-07-21 09:30:00-04:00,Nasdaq 100,74.75,TP,4130.5
2025-07-22 09:30:00-04:00,GER40 (DAX),-30.25,SL,4100.25
2025-07-23 11:30:00-04:00,GER40 (DAX),74.75,TP,4175.0
2025-07-29 09:30:00-04:00,Nasdaq 100,74.75,TP,4249.75
2025-07-30 14:30:00-04:00,Nasdaq 100,-30.25,SL,4219.5
2025-08-01 09:30:00-04:00,Zloto (XAU),-30.25,SL,4189.25
2025-08-11 09:30:00-04:00,Zloto (XAU),-30.25,SL,4159.0
2025-08-12 10:30:00-04:00,Nasdaq 100,74.75,TP,4233.75
2025-08-18 09:30:00-04:00,GER40 (DAX),-30.25,SL,4203.5
2025-08-22 09:30:00-04:00,Zloto (XAU),-30.25,SL,4173.25
2025-08-29 09:30:00-04:00,Nasdaq 100,-30.25,SL,4143.0
2025-09-10 09:30:00-04:00,Nasdaq 100,74.75,TP,4217.75
2025-09-22 09:30:00-04:00,Zloto (XAU),74.75,TP,4292.5
2025-10-02 09:30:00-04:00,Nasdaq 100,74.75,TP,4367.25
2025-10-02 09:30:00-04:00,Zloto (XAU),74.75,TP,4442.0
2025-10-14 09:30:00-04:00,Nasdaq 100,-30.25,SL,4411.75
2025-10-17 09:30:00-04:00,GER40 (DAX),-30.25,SL,4381.5
2025-10-27 13:30:00-04:00,Nasdaq 100,74.75,TP,4456.25
2025-11-04 09:30:00-05:00,Zloto (XAU),-30.25,SL,4426.0
2025-11-28 09:30:00-05:00,Zloto (XAU),74.75,TP,4500.75
2025-12-11 12:30:00-05:00,Zloto (XAU),74.75,TP,4575.5
2025-12-12 10:30:00-05:00,Nasdaq 100,-30.25,SL,4545.25
2025-12-16 12:30:00-05:00,GER40 (DAX),-30.25,SL,4515.0
2025-12-22 09:30:00-05:00,Zloto (XAU),74.75,TP,4589.75
2026-01-06 09:30:00-05:00,GER40 (DAX),74.75,TP,4664.5
2026-01-08 09:30:00-05:00,Zloto (XAU),-30.25,SL,4634.25
2026-01-12 09:30:00-05:00,GER40 (DAX),74.75,TP,4709.0
2026-01-14 09:30:00-05:00,GER40 (DAX),-30.25,SL,4678.75
2026-01-16 09:30:00-05:00,Zloto (XAU),-30.25,SL,4648.5
2026-01-20 09:30:00-05:00,Nasdaq 100,-30.25,SL,4618.25
2026-01-30 09:30:00-05:00,Zloto (XAU),-30.25,SL,4588.0
2026-01-30 11:30:00-05:00,Nasdaq 100,-30.25,SL,4557.75
2026-02-03 09:30:00-05:00,Nasdaq 100,-30.25,SL,4527.5
2026-02-04 11:30:00-05:00,GER40 (DAX),-30.25,SL,4497.25
2026-02-12 10:30:00-05:00,GER40 (DAX),-30.25,SL,4467.0
2026-03-02 09:30:00-05:00,GER40 (DAX),-30.25,SL,4436.75
2026-03-02 09:30:00-05:00,Zloto (XAU),74.75,TP,4511.5
2026-03-06 09:30:00-05:00,Nasdaq 100,-30.25,SL,4481.25
2026-03-09 09:30:00-04:00,Zloto (XAU),-30.25,SL,4451.0
2026-03-12 09:30:00-04:00,Zloto (XAU),-30.25,SL,4420.75
2026-04-08 09:30:00-04:00,Zloto (XAU),-30.25,SL,4390.5
2026-04-14 09:30:00-04:00,Zloto (XAU),-30.25,SL,4360.25
2026-04-14 11:30:00-04:00,Nasdaq 100,74.75,TP,4435.0
2026-04-28 09:30:00-04:00,Zloto (XAU),74.75,TP,4509.75
2026-05-01 09:30:00-04:00,Zloto (XAU),-30.25,SL,4479.5
2026-05-01 09:30:00-04:00,Nasdaq 100,74.75,TP,4554.25
2026-05-06 09:30:00-04:00,Zloto (XAU),-30.25,SL,4524.0
2026-05-08 11:30:00-04:00,Nasdaq 100,74.75,TP,4598.75
2026-05-12 09:30:00-04:00,Zloto (XAU),-30.25,SL,4568.5
2026-05-12 10:30:00-04:00,GER40 (DAX),-30.25,SL,4538.25
2026-05-15 09:30:00-04:00,Zloto (XAU),74.75,TP,4613.0
2026-05-15 09:30:00-04:00,GER40 (DAX),-30.25,SL,4582.75
2026-05-18 10:30:00-04:00,Nasdaq 100,-30.25,SL,4552.5
2026-05-28 10:30:00-04:00,Nasdaq 100,74.75,TP,4627.25
2026-06-05 09:30:00-04:00,Zloto (XAU),74.75,TP,4702.0
2026-06-05 14:30:00-04:00,GER40 (DAX),-30.25,SL,4671.75
2026-06-10 14:30:00-04:00,Nasdaq 100,-30.25,SL,4641.5
2026-06-23 09:30:00-04:00,Nasdaq 100,-30.25,SL,4611.25
2026-07-01 09:30:00-04:00,Zloto (XAU),-30.25,SL,4581.0
2026-07-14 09:30:00-04:00,Zloto (XAU),-30.25,SL,4550.75
2026-07-15 11:30:00-04:00,Nasdaq 100,-30.25,SL,4520.5
2026-07-16 14:30:00-04:00,Zloto (XAU),74.75,TP,4595.25
2026-07-21 09:30:00-04:00,Zloto (XAU),-30.25,SL,4565.0
2026-07-29 14:30:00-04:00,Zloto (XAU),-30.25,SL,4534.75
2026-08-18 10:30:00-04:00,Zloto (XAU),-30.25,SL,4504.5
2026-08-19 09:30:00-04:00,Nasdaq 100,-30.25,SL,4474.25
2026-08-28 09:30:00-04:00,GER40 (DAX),74.75,TP,4549.0
2026-09-08 09:30:00-04:00,Zloto (XAU),-30.25,SL,4518.75
2026-09-08 15:30:00-04:00,GER40 (DAX),-30.25,SL,4488.5
2026-09-14 09:30:00-04:00,Nasdaq 100,-30.25,SL,4458.25
2026-09-16 14:30:00-04:00,Zloto (XAU),74.75,TP,4533.0
2026-09-24 09:30:00-04:00,Nasdaq 100,-30.25,SL,4502.75
2026-10-01 10:30:00-04:00,Nasdaq 100,-30.25,SL,4472.5
